boro,cuisine_description,grade,inspection_count,first_inspection,last_inspection
0,American,A,14,2022-07-22T00:00:00.000,2026-08-05T00:00:00.000
0,American,B,1,2024-08-16T00:00:00.000,2024-08-16T00:00:00.000
0,Bakery Products/Desserts,A,3,2022-11-25T00:00:00.000,2025-04-28T00:00:00.000
0,Coffee/Tea,A,5,2023-09-07T00:00:00.000,2025-08-04T00:00:00.000
0,Coffee/Tea,B,1,2025-08-20T00:00:00.000,2025-08-20T00:00:00.000
0,Coffee/Tea,C,1,2022-11-30T00:00:00.000,2022-11-30T00:00:00.000
0,Continental,A,3,2022-09-20T00:00:00.000,2024-10-15T00:00:00.000
0,French,A,2,2023-01-17T00:00:00.000,2025-06-12T00:00:00.000
0,French,B,1,2025-10-08T00:00:00.000,2025-10-08T00:00:00.000
0,French,C,1,2023-10-03T00:00:00.000,2023-10-03T00:00:00.000
0,Italian,A,4,2023-06-01T00:00:00.000,2026-03-05T00:00:00.000
0,Japanese,A,2,2024-08-29T00:00:00.000,2025-11-18T00:00:00.000
0,Jewish/Kosher,A,1,2024-10-23T00:00:00.000,2024-10-23T00:00:00.000
0,Jewish/Kosher,C,1,2023-05-04T00:00:00.000,2023-05-04T00:00:00.000
0,"Juice, Smoothies, Fruit Salads",A,3,2022-09-02T00:00:00.000,2024-12-16T00:00:00.000
0,Korean,A,1,2025-07-07T00:00:00.000,2025-07-07T00:00:00.000
0,Latin American,A,2,2025-02-13T00:00:00.000,2026-07-13T00:00:00.000
0,Mexican,A,1,2025-08-26T00:00:00.000,2025-08-26T00:00:00.000
0,Middle Eastern,A,2,2024-04-09T00:00:00.000,2025-10-15T00:00:00.000
0,New American,A,3,2023-04-25T00:00:00.000,2025-11-12T00:00:00.000
0,Pizza,A,2,2024-10-30T00:00:00.000,2026-02-17T00:00:00.000
0,Pizza,B,1,2023-07-14T00:00:00.000,2023-07-14T00:00:00.000
0,Sandwiches/Salads/Mixed Buffet,A,3,2023-01-25T00:00:00.000,2025-10-15T00:00:00.000
0,Seafood,A,1,2024-10-06T00:00:00.000,2024-10-06T00:00:00.000
0,Seafood,B,1,2023-03-24T00:00:00.000,2023-03-24T00:00:00.000
0,Soups/Salads/Sandwiches,A,2,2024-04-05T00:00:00.000,2025-05-30T00:00:00.000
0,Spanish,A,4,2024-03-01T00:00:00.000,2026-06-09T00:00:00.000
0,Spanish,C,1,2023-07-26T00:00:00.000,2023-07-26T00:00:00.000
Bronx,Afghan,A,1,2026-04-26T00:00:00.000,2026-04-26T00:00:00.000
Bronx,African,A,40,2023-02-28T00:00:00.000,2026-07-01T00:00:00.000
Bronx,African,B,7,2024-06-07T00:00:00.000,2026-03-09T00:00:00.000
Bronx,African,C,8,2024-03-04T00:00:00.000,2026-06-11T00:00:00.000
Bronx,American,A,543,2016-05-31T00:00:00.000,2026-08-15T00:00:00.000
Bronx,American,B,45,2016-03-23T00:00:00.000,2026-07-01T00:00:00.000
Bronx,American,C,17,2018-12-06T00:00:00.000,2026-06-18T00:00:00.000
Bronx,Asian/Asian Fusion,A,13,2023-04-04T00:00:00.000,2026-07-07T00:00:00.000
Bronx,Asian/Asian Fusion,B,4,2024-08-29T00:00:00.000,2026-04-03T00:00:00.000
Bronx,Asian/Asian Fusion,C,2,2024-11-20T00:00:00.000,2025-07-07T00:00:00.000
Bronx,Bagels/Pretzels,A,9,2023-04-04T00:00:00.000,2025-11-24T00:00:00.000
Bronx,Bagels/Pretzels,B,1,2026-01-27T00:00:00.000,2026-01-27T00:00:00.000
Bronx,Bagels/Pretzels,C,1,2023-09-28T00:00:00.000,2023-09-28T00:00:00.000
Bronx,Bakery Products/Desserts,A,186,2022-08-04T00:00:00.000,2026-07-31T00:00:00.000
Bronx,Bakery Products/Desserts,B,20,2022-12-01T00:00:00.000,2026-05-05T00:00:00.000
Bronx,Bakery Products/Desserts,C,10,2023-08-24T00:00:00.000,2026-05-11T00:00:00.000
Bronx,Bangladeshi,A,18,2022-06-14T00:00:00.000,2026-08-14T00:00:00.000
Bronx,Bangladeshi,C,2,2023-03-17T00:00:00.000,2023-08-30T00:00:00.000
Bronx,Barbecue,A,4,2024-02-07T00:00:00.000,2025-06-05T00:00:00.000
Bronx,Basque,A,1,2023-10-04T00:00:00.000,2023-10-04T00:00:00.000
Bronx,Basque,C,1,2025-10-16T00:00:00.000,2025-10-16T00:00:00.000
Bronx,Bottled Beverages,A,17,2022-03-21T00:00:00.000,2026-07-13T00:00:00.000
Bronx,Bottled Beverages,B,1,2024-03-11T00:00:00.000,2024-03-11T00:00:00.000
Bronx,Caribbean,A,170,2018-01-12T00:00:00.000,2026-08-13T00:00:00.000
Bronx,Caribbean,B,38,2022-07-06T00:00:00.000,2026-06-30T00:00:00.000
Bronx,Caribbean,C,18,2022-12-21T00:00:00.000,2025-11-03T00:00:00.000
Bronx,Chicken,A,288,2022-05-05T00:00:00.000,2026-08-11T00:00:00.000
Bronx,Chicken,B,33,2023-01-10T00:00:00.000,2026-07-20T00:00:00.000
Bronx,Chicken,C,16,2023-01-12T00:00:00.000,2025-11-18T00:00:00.000
Bronx,Chinese,A,374,2022-03-23T00:00:00.000,2026-08-13T00:00:00.000
Bronx,Chinese,B,71,2022-12-06T00:00:00.000,2026-07-08T00:00:00.000
Bronx,Chinese,C,27,2023-02-16T00:00:00.000,2026-06-29T00:00:00.000
Bronx,Chinese/Cuban,A,1,2024-09-20T00:00:00.000,2024-09-20T00:00:00.000
Bronx,Chinese/Japanese,A,1,2025-02-25T00:00:00.000,2025-02-25T00:00:00.000
Bronx,Coffee/Tea,A,174,2017-06-13T00:00:00.000,2026-08-13T00:00:00.000
Bronx,Coffee/Tea,B,11,2023-11-06T00:00:00.000,2026-06-16T00:00:00.000
Bronx,Coffee/Tea,C,4,2023-10-04T00:00:00.000,2026-05-18T00:00:00.000
Bronx,Continental,A,2,2023-07-10T00:00:00.000,2024-10-30T00:00:00.000
Bronx,Creole/Cajun,A,2,2024-01-03T00:00:00.000,2025-08-26T00:00:00.000
Bronx,Donuts,A,218,2023-01-27T00:00:00.000,2026-08-07T00:00:00.000
Bronx,Donuts,B,9,2022-11-07T00:00:00.000,2026-06-17T00:00:00.000
Bronx,Donuts,C,1,2024-10-24T00:00:00.000,2024-10-24T00:00:00.000
Bronx,Eastern European,A,7,2022-08-17T00:00:00.000,2026-03-04T00:00:00.000
Bronx,Eastern European,B,1,2026-04-27T00:00:00.000,2026-04-27T00:00:00.000
Bronx,Eastern European,C,1,2024-11-12T00:00:00.000,2024-11-12T00:00:00.000
Bronx,French,A,7,2022-02-24T00:00:00.000,2026-05-29T00:00:00.000
Bronx,Frozen Desserts,A,39,2022-04-04T00:00:00.000,2026-08-10T00:00:00.000
Bronx,Frozen Desserts,B,4,2023-01-26T00:00:00.000,2025-06-25T00:00:00.000
Bronx,Frozen Desserts,C,1,2024-03-07T00:00:00.000,2024-03-07T00:00:00.000
Bronx,Fruits/Vegetables,A,1,2025-12-22T00:00:00.000,2025-12-22T00:00:00.000
Bronx,Fusion,A,10,2023-09-26T00:00:00.000,2026-07-28T00:00:00.000
Bronx,Fusion,B,1,2024-10-09T00:00:00.000,2024-10-09T00:00:00.000
Bronx,German,A,1,2026-01-12T00:00:00.000,2026-01-12T00:00:00.000
Bronx,Greek,A,9,2023-05-17T00:00:00.000,2026-07-22T00:00:00.000
Bronx,Greek,B,2,2022-09-23T00:00:00.000,2025-02-18T00:00:00.000
Bronx,Hamburgers,A,225,2022-08-12T00:00:00.000,2026-08-14T00:00:00.000
Bronx,Hamburgers,B,7,2023-05-25T00:00:00.000,2026-04-27T00:00:00.000
Bronx,Hamburgers,C,3,2023-01-27T00:00:00.000,2024-02-22T00:00:00.000
Bronx,Hotdogs,A,1,2024-09-27T00:00:00.000,2024-09-27T00:00:00.000
Bronx,Hotdogs/Pretzels,A,8,2023-01-30T00:00:00.000,2025-11-18T00:00:00.000
Bronx,Indian,A,13,2023-07-18T00:00:00.000,2026-05-12T00:00:00.000
Bronx,Indian,B,1,2024-11-21T00:00:00.000,2024-11-21T00:00:00.000
Bronx,Indian,C,2,2023-04-17T00:00:00.000,2025-01-06T00:00:00.000
Bronx,Irish,A,20,2022-11-28T00:00:00.000,2026-04-17T00:00:00.000
Bronx,Irish,B,3,2024-11-26T00:00:00.000,2025-09-13T00:00:00.000
Bronx,Italian,A,56,2022-03-17T00:00:00.000,2026-07-21T00:00:00.000
Bronx,Italian,B,15,2022-09-27T00:00:00.000,2025-08-27T00:00:00.000
Bronx,Italian,C,7,2023-05-02T00:00:00.000,2025-08-05T00:00:00.000
Bronx,Japanese,A,40,2022-08-03T00:00:00.000,2026-08-12T00:00:00.000
Bronx,Japanese,B,6,2023-02-24T00:00:00.000,2026-04-22T00:00:00.000
Bronx,Japanese,C,3,2024-10-28T00:00:00.000,2025-09-10T00:00:00.000
Bronx,Jewish/Kosher,A,13,2023-10-18T00:00:00.000,2026-08-07T00:00:00.000
Bronx,Jewish/Kosher,B,2,2024-05-14T00:00:00.000,2025-02-21T00:00:00.000
Bronx,"Juice, Smoothies, Fruit Salads",A,103,2022-05-26T00:00:00.000,2026-08-14T00:00:00.000
Bronx,"Juice, Smoothies, Fruit Salads",B,7,2023-07-18T00:00:00.000,2025-10-08T00:00:00.000
Bronx,"Juice, Smoothies, Fruit Salads",C,4,2022-09-07T00:00:00.000,2024-11-25T00:00:00.000
Bronx,Korean,A,1,2025-03-31T00:00:00.000,2025-03-31T00:00:00.000
Bronx,Korean,B,1,2025-06-05T00:00:00.000,2025-06-05T00:00:00.000
Bronx,Latin American,A,274,2022-01-18T00:00:00.000,2026-08-15T00:00:00.000
Bronx,Latin American,B,57,2023-01-21T00:00:00.000,2026-06-26T00:00:00.000
Bronx,Latin American,C,19,2023-02-09T00:00:00.000,2025-08-14T00:00:00.000
Bronx,Mediterranean,A,6,2022-08-04T00:00:00.000,2026-01-23T00:00:00.000
Bronx,Mediterranean,B,1,2024-08-26T00:00:00.000,2024-08-26T00:00:00.000
Bronx,Mexican,A,251,2022-02-24T00:00:00.000,2026-08-13T00:00:00.000
Bronx,Mexican,B,30,2023-01-09T00:00:00.000,2026-06-22T00:00:00.000
Bronx,Mexican,C,8,2023-11-14T00:00:00.000,2026-04-23T00:00:00.000
Bronx,Middle Eastern,A,24,2022-09-26T00:00:00.000,2026-04-28T00:00:00.000
Bronx,Middle Eastern,B,5,2023-04-06T00:00:00.000,2025-10-09T00:00:00.000
Bronx,Middle Eastern,C,1,2025-08-06T00:00:00.000,2025-08-06T00:00:00.000
Bronx,Moroccan,A,2,2024-01-08T00:00:00.000,2025-11-28T00:00:00.000
Bronx,Moroccan,C,1,2025-09-02T00:00:00.000,2025-09-02T00:00:00.000
Bronx,Not Listed/Not Applicable,A,2,2022-05-19T00:00:00.000,2024-05-24T00:00:00.000
Bronx,Not Listed/Not Applicable,C,1,2023-02-07T00:00:00.000,2023-02-07T00:00:00.000
Bronx,Other,A,39,2023-02-22T00:00:00.000,2026-07-29T00:00:00.000
Bronx,Other,C,2,2025-04-29T00:00:00.000,2026-04-25T00:00:00.000
Bronx,Pakistani,B,2,2024-12-03T00:00:00.000,2025-05-05T00:00:00.000
Bronx,Pakistani,C,1,2025-12-02T00:00:00.000,2025-12-02T00:00:00.000
Bronx,Pancakes/Waffles,A,17,2023-05-10T00:00:00.000,2026-03-26T00:00:00.000
Bronx,Pancakes/Waffles,B,4,2023-11-13T00:00:00.000,2026-01-05T00:00:00.000
Bronx,Pancakes/Waffles,C,1,2025-10-07T00:00:00.000,2025-10-07T00:00:00.000
Bronx,Peruvian,A,5,2023-05-25T00:00:00.000,2025-12-11T00:00:00.000
Bronx,Peruvian,B,1,2024-03-04T00:00:00.000,2024-03-04T00:00:00.000
Bronx,Pizza,A,428,2021-12-29T00:00:00.000,2026-08-13T00:00:00.000
Bronx,Pizza,B,53,2022-12-01T00:00:00.000,2026-06-30T00:00:00.000
Bronx,Pizza,C,27,2022-10-03T00:00:00.000,2026-05-12T00:00:00.000
Bronx,Sandwiches,A,108,2022-07-06T00:00:00.000,2026-08-03T00:00:00.000
Bronx,Sandwiches,B,10,2023-02-23T00:00:00.000,2025-07-14T00:00:00.000
Bronx,Sandwiches,C,1,2026-03-23T00:00:00.000,2026-03-23T00:00:00.000
Bronx,Sandwiches/Salads/Mixed Buffet,A,23,2023-07-07T00:00:00.000,2026-07-15T00:00:00.000
Bronx,Sandwiches/Salads/Mixed Buffet,B,2,2023-09-21T00:00:00.000,2024-04-23T00:00:00.000
Bronx,Seafood,A,48,2022-07-05T00:00:00.000,2026-07-22T00:00:00.000
Bronx,Seafood,B,6,2023-10-10T00:00:00.000,2026-05-12T00:00:00.000
Bronx,Seafood,C,1,2023-09-05T00:00:00.000,2023-09-05T00:00:00.000
Bronx,Soul Food,A,8,2022-05-26T00:00:00.000,2025-09-26T00:00:00.000
Bronx,Soul Food,C,1,2026-05-18T00:00:00.000,2026-05-18T00:00:00.000
Bronx,Soups/Salads/Sandwiches,A,2,2024-11-25T00:00:00.000,2026-02-12T00:00:00.000
Bronx,Soups/Salads/Sandwiches,C,1,2023-02-24T00:00:00.000,2023-02-24T00:00:00.000
Bronx,Southwestern,A,1,2025-02-10T00:00:00.000,2025-02-10T00:00:00.000
Bronx,Spanish,A,162,2018-01-13T00:00:00.000,2026-08-04T00:00:00.000
Bronx,Spanish,B,27,2023-01-27T00:00:00.000,2026-06-12T00:00:00.000
Bronx,Spanish,C,17,2023-01-17T00:00:00.000,2026-06-24T00:00:00.000
Bronx,Steakhouse,A,7,2023-04-11T00:00:00.000,2026-07-22T00:00:00.000
Bronx,Steakhouse,B,1,2024-12-18T00:00:00.000,2024-12-18T00:00:00.000
Bronx,Tex-Mex,A,87,2022-09-22T00:00:00.000,2026-08-13T00:00:00.000
Bronx,Tex-Mex,B,2,2024-02-23T00:00:00.000,2025-01-06T00:00:00.000
Bronx,Tex-Mex,C,1,2024-12-05T00:00:00.000,2024-12-05T00:00:00.000
Bronx,Thai,A,5,2023-06-26T00:00:00.000,2026-03-31T00:00:00.000
Bronx,Thai,B,1,2026-04-28T00:00:00.000,2026-04-28T00:00:00.000
Bronx,Thai,C,3,2023-09-28T00:00:00.000,2025-10-08T00:00:00.000
Bronx,Vegan,A,2,2022-12-08T00:00:00.000,2024-06-05T00:00:00.000
Bronx,Vegan,B,1,2024-08-07T00:00:00.000,2024-08-07T00:00:00.000
Bronx,Vegetarian,A,3,2024-05-17T00:00:00.000,2026-01-23T00:00:00.000
Brooklyn,Afghan,A,2,2024-08-12T00:00:00.000,2025-12-01T00:00:00.000
Brooklyn,African,A,24,2022-08-08T00:00:00.000,2026-04-09T00:00:00.000
Brooklyn,African,B,12,2023-04-05T00:00:00.000,2026-05-21T00:00:00.000
Brooklyn,African,C,4,2022-08-25T00:00:00.000,2026-04-14T00:00:00.000
Brooklyn,American,A,1777,2016-06-11T00:00:00.000,2026-08-16T00:00:00.000
Brooklyn,American,B,120,2022-08-30T00:00:00.000,2026-06-18T00:00:00.000
Brooklyn,American,C,61,2019-10-01T00:00:00.000,2026-06-25T00:00:00.000
Brooklyn,Armenian,A,4,2023-09-28T00:00:00.000,2026-08-05T00:00:00.000
Brooklyn,Asian/Asian Fusion,A,120,2022-07-28T00:00:00.000,2026-08-10T00:00:00.000
Brooklyn,Asian/Asian Fusion,B,13,2023-06-06T00:00:00.000,2026-05-26T00:00:00.000
Brooklyn,Asian/Asian Fusion,C,10,2022-02-17T00:00:00.000,2026-01-12T00:00:00.000
Brooklyn,Australian,A,5,2023-06-01T00:00:00.000,2026-03-10T00:00:00.000
Brooklyn,Bagels/Pretzels,A,156,2022-10-26T00:00:00.000,2026-08-13T00:00:00.000
Brooklyn,Bagels/Pretzels,B,11,2023-12-11T00:00:00.000,2026-06-24T00:00:00.000
Brooklyn,Bagels/Pretzels,C,5,2022-12-01T00:00:00.000,2025-09-05T00:00:00.000
Brooklyn,Bakery Products/Desserts,A,441,2014-04-21T00:00:00.000,2026-08-13T00:00:00.000
Brooklyn,Bakery Products/Desserts,B,48,2022-08-09T00:00:00.000,2026-06-30T00:00:00.000
Brooklyn,Bakery Products/Desserts,C,23,2014-10-30T00:00:00.000,2026-06-11T00:00:00.000
Brooklyn,Bangladeshi,A,10,2023-09-11T00:00:00.000,2026-05-23T00:00:00.000
Brooklyn,Bangladeshi,B,7,2022-09-30T00:00:00.000,2026-05-01T00:00:00.000
Brooklyn,Bangladeshi,C,7,2024-11-22T00:00:00.000,2026-03-23T00:00:00.000
Brooklyn,Barbecue,A,22,2022-03-17T00:00:00.000,2026-04-20T00:00:00.000
Brooklyn,Barbecue,B,4,2023-01-17T00:00:00.000,2025-11-22T00:00:00.000
Brooklyn,Barbecue,C,1,2023-09-12T00:00:00.000,2023-09-12T00:00:00.000
Brooklyn,Bottled Beverages,A,41,2022-03-31T00:00:00.000,2026-06-22T00:00:00.000
Brooklyn,Bottled Beverages,B,1,2025-11-24T00:00:00.000,2025-11-24T00:00:00.000
Brooklyn,Brazilian,A,13,2023-02-10T00:00:00.000,2026-07-16T00:00:00.000
Brooklyn,Brazilian,B,1,2024-11-23T00:00:00.000,2024-11-23T00:00:00.000
Brooklyn,Cajun,A,2,2023-01-11T00:00:00.000,2025-04-10T00:00:00.000
Brooklyn,Californian,A,6,2023-01-12T00:00:00.000,2025-09-08T00:00:00.000
Brooklyn,Caribbean,A,525,2016-11-04T00:00:00.000,2026-08-07T00:00:00.000
Brooklyn,Caribbean,B,86,2022-09-30T00:00:00.000,2026-06-30T00:00:00.000
Brooklyn,Caribbean,C,60,2019-06-12T00:00:00.000,2026-06-17T00:00:00.000
Brooklyn,Chicken,A,393,2015-12-09T00:00:00.000,2026-08-15T00:00:00.000
Brooklyn,Chicken,B,33,2022-11-18T00:00:00.000,2026-06-08T00:00:00.000
Brooklyn,Chicken,C,15,2022-10-11T00:00:00.000,2026-06-25T00:00:00.000
Brooklyn,Chinese,A,1018,2022-01-26T00:00:00.000,2026-08-14T00:00:00.000
Brooklyn,Chinese,B,140,2022-09-27T00:00:00.000,2026-07-23T00:00:00.000
Brooklyn,Chinese,C,64,2022-09-06T00:00:00.000,2026-07-02T00:00:00.000
Brooklyn,Chinese/Cuban,A,10,2022-11-17T00:00:00.000,2025-12-01T00:00:00.000
Brooklyn,Chinese/Japanese,A,13,2022-09-23T00:00:00.000,2026-08-13T00:00:00.000
Brooklyn,Chinese/Japanese,B,5,2024-03-13T00:00:00.000,2025-12-01T00:00:00.000
Brooklyn,Chinese/Japanese,C,1,2024-12-26T00:00:00.000,2024-12-26T00:00:00.000
Brooklyn,Coffee/Tea,A,1232,2017-07-18T00:00:00.000,2026-08-13T00:00:00.000
Brooklyn,Coffee/Tea,B,57,2022-09-09T00:00:00.000,2026-06-25T00:00:00.000
Brooklyn,Coffee/Tea,C,30,2023-02-23T00:00:00.000,2026-06-26T00:00:00.000
Brooklyn,Continental,A,5,2023-05-19T00:00:00.000,2026-04-03T00:00:00.000
Brooklyn,Creole,A,15,2022-09-08T00:00:00.000,2026-03-27T00:00:00.000
Brooklyn,Creole,B,8,2023-10-18T00:00:00.000,2026-02-26T00:00:00.000
Brooklyn,Creole,C,8,2022-11-18T00:00:00.000,2026-06-22T00:00:00.000
Brooklyn,Creole/Cajun,A,2,2024-02-23T00:00:00.000,2025-05-22T00:00:00.000
Brooklyn,Creole/Cajun,B,1,2026-05-02T00:00:00.000,2026-05-02T00:00:00.000
Brooklyn,Czech,A,1,2025-12-10T00:00:00.000,2025-12-10T00:00:00.000
Brooklyn,Donuts,A,375,2022-08-29T00:00:00.000,2026-08-14T00:00:00.000
Brooklyn,Donuts,B,3,2024-08-29T00:00:00.000,2025-09-18T00:00:00.000
Brooklyn,Donuts,C,2,2023-07-20T00:00:00.000,2025-07-23T00:00:00.000
Brooklyn,Eastern European,A,86,2022-03-22T00:00:00.000,2026-07-09T00:00:00.000
Brooklyn,Eastern European,B,13,2022-12-14T00:00:00.000,2026-06-04T00:00:00.000
Brooklyn,Eastern European,C,6,2023-03-30T00:00:00.000,2025-04-29T00:00:00.000
Brooklyn,Egyptian,A,2,2024-09-10T00:00:00.000,2026-02-14T00:00:00.000
Brooklyn,Egyptian,C,2,2022-09-19T00:00:00.000,2024-12-23T00:00:00.000
Brooklyn,English,A,3,2024-04-15T00:00:00.000,2026-07-01T00:00:00.000
Brooklyn,Ethiopian,A,7,2023-01-04T00:00:00.000,2026-03-20T00:00:00.000
Brooklyn,Ethiopian,B,2,2025-08-06T00:00:00.000,2026-03-10T00:00:00.000
Brooklyn,Filipino,A,3,2022-08-20T00:00:00.000,2026-08-03T00:00:00.000
Brooklyn,French,A,66,2022-01-14T00:00:00.000,2026-07-01T00:00:00.000
Brooklyn,French,B,3,2024-08-29T00:00:00.000,2025-02-04T00:00:00.000
Brooklyn,French,C,4,2024-02-06T00:00:00.000,2024-12-10T00:00:00.000
Brooklyn,Frozen Desserts,A,178,2022-04-25T00:00:00.000,2026-08-15T00:00:00.000
Brooklyn,Frozen Desserts,B,6,2023-06-21T00:00:00.000,2026-03-19T00:00:00.000
Brooklyn,Frozen Desserts,C,5,2022-11-29T00:00:00.000,2025-02-11T00:00:00.000
Brooklyn,Fusion,A,35,2022-03-16T00:00:00.000,2026-06-18T00:00:00.000
Brooklyn,Fusion,B,2,2023-07-13T00:00:00.000,2024-11-21T00:00:00.000
Brooklyn,Fusion,C,2,2024-03-25T00:00:00.000,2024-11-14T00:00:00.000
Brooklyn,German,A,17,2022-05-06T00:00:00.000,2026-02-26T00:00:00.000
Brooklyn,German,B,2,2024-03-15T00:00:00.000,2024-09-11T00:00:00.000
Brooklyn,Greek,A,28,2022-05-18T00:00:00.000,2026-05-22T00:00:00.000
Brooklyn,Greek,B,5,2023-01-09T00:00:00.000,2025-07-28T00:00:00.000
Brooklyn,Greek,C,1,2024-11-14T00:00:00.000,2024-11-14T00:00:00.000
Brooklyn,Hamburgers,A,292,2017-05-20T00:00:00.000,2026-08-14T00:00:00.000
Brooklyn,Hamburgers,B,6,2019-05-02T00:00:00.000,2026-04-16T00:00:00.000
Brooklyn,Hamburgers,C,4,2023-04-21T00:00:00.000,2026-04-14T00:00:00.000
Brooklyn,Hawaiian,A,20,2022-07-21T00:00:00.000,2026-08-12T00:00:00.000
Brooklyn,Hotdogs,A,17,2022-04-28T00:00:00.000,2026-05-07T00:00:00.000
Brooklyn,Hotdogs,B,3,2023-06-15T00:00:00.000,2026-02-05T00:00:00.000
Brooklyn,Hotdogs/Pretzels,A,7,2023-06-12T00:00:00.000,2026-03-18T00:00:00.000
Brooklyn,Indian,A,63,2022-03-09T00:00:00.000,2026-08-13T00:00:00.000
Brooklyn,Indian,B,18,2023-03-01T00:00:00.000,2025-11-12T00:00:00.000
Brooklyn,Indian,C,16,2023-01-06T00:00:00.000,2026-06-11T00:00:00.000
Brooklyn,Indonesian,A,4,2024-11-01T00:00:00.000,2026-07-20T00:00:00.000
Brooklyn,Iranian,A,3,2024-03-01T00:00:00.000,2026-02-25T00:00:00.000
Brooklyn,Irish,A,31,2022-04-21T00:00:00.000,2026-08-12T00:00:00.000
Brooklyn,Irish,B,2,2024-08-19T00:00:00.000,2025-01-22T00:00:00.000
Brooklyn,Irish,C,1,2026-05-19T00:00:00.000,2026-05-19T00:00:00.000
Brooklyn,Italian,A,306,2022-03-30T00:00:00.000,2026-08-11T00:00:00.000
Brooklyn,Italian,B,10,2023-04-03T00:00:00.000,2025-11-05T00:00:00.000
Brooklyn,Italian,C,8,2022-11-09T00:00:00.000,2025-08-19T00:00:00.000
Brooklyn,Japanese,A,320,2022-02-24T00:00:00.000,2026-08-13T00:00:00.000
Brooklyn,Japanese,B,32,2023-01-09T00:00:00.000,2026-05-14T00:00:00.000
Brooklyn,Japanese,C,18,2022-12-07T00:00:00.000,2025-09-22T00:00:00.000
Brooklyn,Jewish/Kosher,A,253,2022-03-24T00:00:00.000,2026-08-12T00:00:00.000
Brooklyn,Jewish/Kosher,B,35,2021-12-03T00:00:00.000,2026-04-29T00:00:00.000
Brooklyn,Jewish/Kosher,C,22,2023-01-24T00:00:00.000,2026-03-26T00:00:00.000
Brooklyn,"Juice, Smoothies, Fruit Salads",A,261,2017-06-14T00:00:00.000,2026-08-13T00:00:00.000
Brooklyn,"Juice, Smoothies, Fruit Salads",B,20,2022-01-25T00:00:00.000,2026-02-14T00:00:00.000
Brooklyn,"Juice, Smoothies, Fruit Salads",C,7,2023-10-19T00:00:00.000,2025-12-04T00:00:00.000
Brooklyn,Korean,A,51,2022-08-18T00:00:00.000,2026-08-01T00:00:00.000
Brooklyn,Korean,B,6,2023-02-24T00:00:00.000,2025-09-04T00:00:00.000
Brooklyn,Korean,C,5,2022-12-08T00:00:00.000,2026-06-01T00:00:00.000
Brooklyn,Latin American,A,327,2019-06-17T00:00:00.000,2026-08-13T00:00:00.000
Brooklyn,Latin American,B,41,2017-10-24T00:00:00.000,2026-03-06T00:00:00.000
Brooklyn,Latin American,C,36,2019-05-01T00:00:00.000,2026-06-24T00:00:00.000
Brooklyn,Lebanese,A,2,2024-05-23T00:00:00.000,2024-10-01T00:00:00.000
Brooklyn,Mediterranean,A,122,2021-11-20T00:00:00.000,2026-08-03T00:00:00.000
Brooklyn,Mediterranean,B,11,2021-12-27T00:00:00.000,2025-12-08T00:00:00.000
Brooklyn,Mediterranean,C,7,2023-02-23T00:00:00.000,2025-10-07T00:00:00.000
Brooklyn,Mexican,A,517,2018-04-19T00:00:00.000,2026-08-15T00:00:00.000
Brooklyn,Mexican,B,52,2022-06-21T00:00:00.000,2026-05-15T00:00:00.000
Brooklyn,Mexican,C,37,2022-05-04T00:00:00.000,2026-06-30T00:00:00.000
Brooklyn,Middle Eastern,A,144,2022-05-12T00:00:00.000,2026-08-07T00:00:00.000
Brooklyn,Middle Eastern,B,18,2022-10-04T00:00:00.000,2026-06-29T00:00:00.000
Brooklyn,Middle Eastern,C,19,2022-12-27T00:00:00.000,2026-06-09T00:00:00.000
Brooklyn,New American,A,57,2018-10-05T00:00:00.000,2026-07-28T00:00:00.000
Brooklyn,New American,B,5,2023-02-03T00:00:00.000,2025-11-06T00:00:00.000
Brooklyn,New French,A,14,2023-03-18T00:00:00.000,2026-08-15T00:00:00.000
Brooklyn,New French,B,1,2024-08-29T00:00:00.000,2024-08-29T00:00:00.000
Brooklyn,Not Listed/Not Applicable,A,2,2023-09-08T00:00:00.000,2026-01-17T00:00:00.000
Brooklyn,Other,A,111,2021-08-12T00:00:00.000,2026-08-13T00:00:00.000
Brooklyn,Other,B,4,2024-12-04T00:00:00.000,2026-04-27T00:00:00.000
Brooklyn,Pakistani,A,14,2023-02-15T00:00:00.000,2026-04-29T00:00:00.000
Brooklyn,Pakistani,B,8,2022-07-21T00:00:00.000,2025-07-29T00:00:00.000
Brooklyn,Pakistani,C,4,2023-09-19T00:00:00.000,2026-04-01T00:00:00.000
Brooklyn,Pancakes/Waffles,A,21,2023-08-15T00:00:00.000,2026-07-22T00:00:00.000
Brooklyn,Pancakes/Waffles,B,1,2025-02-07T00:00:00.000,2025-02-07T00:00:00.000
Brooklyn,Peruvian,A,14,2023-01-19T00:00:00.000,2026-08-10T00:00:00.000
Brooklyn,Peruvian,B,3,2024-03-07T00:00:00.000,2025-01-13T00:00:00.000
Brooklyn,Peruvian,C,1,2024-11-13T00:00:00.000,2024-11-13T00:00:00.000
Brooklyn,Pizza,A,736,2022-01-26T00:00:00.000,2026-08-13T00:00:00.000
Brooklyn,Pizza,B,77,2022-01-24T00:00:00.000,2026-07-16T00:00:00.000
Brooklyn,Pizza,C,36,2022-11-23T00:00:00.000,2026-01-12T00:00:00.000
Brooklyn,Polish,A,21,2019-12-16T00:00:00.000,2026-06-30T00:00:00.000
Brooklyn,Polish,B,3,2023-01-10T00:00:00.000,2025-01-22T00:00:00.000
Brooklyn,Polish,C,2,2024-11-26T00:00:00.000,2025-09-17T00:00:00.000
Brooklyn,Polynesian,A,2,2024-09-28T00:00:00.000,2026-06-11T00:00:00.000
Brooklyn,Portuguese,A,1,2025-10-16T00:00:00.000,2025-10-16T00:00:00.000
Brooklyn,Portuguese,B,1,2024-03-22T00:00:00.000,2024-03-22T00:00:00.000
Brooklyn,Russian,A,57,2011-08-10T00:00:00.000,2026-08-14T00:00:00.000
Brooklyn,Russian,B,4,2023-03-30T00:00:00.000,2025-11-06T00:00:00.000
Brooklyn,Russian,C,1,2025-07-30T00:00:00.000,2025-07-30T00:00:00.000
Brooklyn,Salads,A,45,2022-03-03T00:00:00.000,2026-08-06T00:00:00.000
Brooklyn,Salads,B,1,2023-05-01T00:00:00.000,2023-05-01T00:00:00.000
Brooklyn,Sandwiches,A,185,2017-02-15T00:00:00.000,2026-07-23T00:00:00.000
Brooklyn,Sandwiches,B,16,2023-01-18T00:00:00.000,2026-06-16T00:00:00.000
Brooklyn,Sandwiches,C,8,2023-06-22T00:00:00.000,2025-09-19T00:00:00.000
Brooklyn,Sandwiches/Salads/Mixed Buffet,A,55,2022-07-18T00:00:00.000,2026-07-22T00:00:00.000
Brooklyn,Sandwiches/Salads/Mixed Buffet,B,2,2024-02-15T00:00:00.000,2025-06-05T00:00:00.000
Brooklyn,Sandwiches/Salads/Mixed Buffet,C,2,2024-07-08T00:00:00.000,2025-10-24T00:00:00.000
Brooklyn,Scandinavian,A,7,2023-03-06T00:00:00.000,2026-04-17T00:00:00.000
Brooklyn,Seafood,A,95,2018-10-20T00:00:00.000,2026-07-23T00:00:00.000
Brooklyn,Seafood,B,8,2023-01-17T00:00:00.000,2025-11-05T00:00:00.000
Brooklyn,Seafood,C,2,2024-05-01T00:00:00.000,2025-07-14T00:00:00.000
Brooklyn,Soul Food,A,32,2022-08-01T00:00:00.000,2026-08-06T00:00:00.000
Brooklyn,Soul Food,B,7,2023-02-21T00:00:00.000,2026-03-30T00:00:00.000
Brooklyn,Soul Food,C,5,2024-03-23T00:00:00.000,2026-04-11T00:00:00.000
Brooklyn,Soups,A,5,2024-04-24T00:00:00.000,2026-07-16T00:00:00.000
Brooklyn,Soups/Salads/Sandwiches,A,19,2023-05-25T00:00:00.000,2026-08-07T00:00:00.000
Brooklyn,Soups/Salads/Sandwiches,B,2,2024-05-08T00:00:00.000,2024-11-14T00:00:00.000
Brooklyn,Southeast Asian,A,63,2022-09-07T00:00:00.000,2026-08-14T00:00:00.000
Brooklyn,Southeast Asian,B,13,2022-09-08T00:00:00.000,2025-11-24T00:00:00.000
Brooklyn,Southeast Asian,C,5,2022-08-12T00:00:00.000,2025-11-25T00:00:00.000
Brooklyn,Southwestern,A,2,2024-11-19T00:00:00.000,2026-05-15T00:00:00.000
Brooklyn,Spanish,A,171,2017-03-07T00:00:00.000,2026-07-31T00:00:00.000
Brooklyn,Spanish,B,37,2016-09-23T00:00:00.000,2026-04-07T00:00:00.000
Brooklyn,Spanish,C,12,2016-09-19T00:00:00.000,2026-06-10T00:00:00.000
Brooklyn,Steakhouse,A,21,2022-02-22T00:00:00.000,2026-05-14T00:00:00.000
Brooklyn,Steakhouse,B,1,2023-03-28T00:00:00.000,2023-03-28T00:00:00.000
Brooklyn,Steakhouse,C,1,2025-12-30T00:00:00.000,2025-12-30T00:00:00.000
Brooklyn,Tapas,A,31,2017-04-04T00:00:00.000,2026-06-01T00:00:00.000
Brooklyn,Tapas,B,1,2016-10-12T00:00:00.000,2016-10-12T00:00:00.000
Brooklyn,Tex-Mex,A,161,2022-03-09T00:00:00.000,2026-08-12T00:00:00.000
Brooklyn,Tex-Mex,B,6,2022-08-24T00:00:00.000,2024-11-18T00:00:00.000
Brooklyn,Tex-Mex,C,4,2023-10-26T00:00:00.000,2024-11-20T00:00:00.000
Brooklyn,Thai,A,133,2021-12-02T00:00:00.000,2026-08-15T00:00:00.000
Brooklyn,Thai,B,30,2023-06-20T00:00:00.000,2026-08-01T00:00:00.000
Brooklyn,Thai,C,11,2023-03-09T00:00:00.000,2026-04-06T00:00:00.000
Brooklyn,Turkish,A,51,2022-03-04T00:00:00.000,2026-08-15T00:00:00.000
Brooklyn,Turkish,B,5,2023-03-24T00:00:00.000,2025-06-11T00:00:00.000
Brooklyn,Turkish,C,3,2024-08-15T00:00:00.000,2025-08-18T00:00:00.000
Brooklyn,Vegan,A,44,2022-07-21T00:00:00.000,2026-08-05T00:00:00.000
Brooklyn,Vegan,B,3,2024-04-22T00:00:00.000,2025-08-27T00:00:00.000
Brooklyn,Vegan,C,5,2023-11-28T00:00:00.000,2025-09-26T00:00:00.000
Brooklyn,Vegetarian,A,41,2018-01-09T00:00:00.000,2026-08-10T00:00:00.000
Brooklyn,Vegetarian,B,6,2016-09-08T00:00:00.000,2025-10-22T00:00:00.000
Brooklyn,Vegetarian,C,3,2017-08-14T00:00:00.000,2019-08-20T00:00:00.000
Manhattan,Afghan,A,3,2024-07-08T00:00:00.000,2026-06-03T00:00:00.000
Manhattan,Afghan,C,1,2026-06-17T00:00:00.000,2026-06-17T00:00:00.000
Manhattan,African,A,14,2023-05-23T00:00:00.000,2026-02-19T00:00:00.000
Manhattan,African,B,10,2023-05-04T00:00:00.000,2026-04-17T00:00:00.000
Manhattan,African,C,6,2024-04-25T00:00:00.000,2025-10-23T00:00:00.000
Manhattan,American,A,4279,2015-10-14T00:00:00.000,2026-08-15T00:00:00.000
Manhattan,American,B,283,2018-09-21T00:00:00.000,2026-07-09T00:00:00.000
Manhattan,American,C,138,2020-02-05T00:00:00.000,2026-07-01T00:00:00.000
Manhattan,Armenian,A,11,2024-02-08T00:00:00.000,2026-05-08T00:00:00.000
Manhattan,Armenian,B,1,2025-08-12T00:00:00.000,2025-08-12T00:00:00.000
Manhattan,Armenian,C,1,2023-10-26T00:00:00.000,2023-10-26T00:00:00.000
Manhattan,Asian/Asian Fusion,A,214,2020-02-28T00:00:00.000,2026-08-13T00:00:00.000
Manhattan,Asian/Asian Fusion,B,37,2022-02-23T00:00:00.000,2026-05-12T00:00:00.000
Manhattan,Asian/Asian Fusion,C,18,2023-06-02T00:00:00.000,2026-03-25T00:00:00.000
Manhattan,Australian,A,47,2022-08-11T00:00:00.000,2026-08-04T00:00:00.000
Manhattan,Australian,B,8,2023-08-01T00:00:00.000,2026-06-29T00:00:00.000
Manhattan,Australian,C,4,2024-08-23T00:00:00.000,2025-10-15T00:00:00.000
Manhattan,Bagels/Pretzels,A,192,2021-11-24T00:00:00.000,2026-08-11T00:00:00.000
Manhattan,Bagels/Pretzels,B,16,2023-09-20T00:00:00.000,2026-03-25T00:00:00.000
Manhattan,Bagels/Pretzels,C,6,2023-04-19T00:00:00.000,2026-01-20T00:00:00.000
Manhattan,Bakery Products/Desserts,A,593,2022-02-10T00:00:00.000,2026-08-14T00:00:00.000
Manhattan,Bakery Products/Desserts,B,47,2022-11-18T00:00:00.000,2026-07-23T00:00:00.000
Manhattan,Bakery Products/Desserts,C,29,2022-12-29T00:00:00.000,2026-07-01T00:00:00.000
Manhattan,Bangladeshi,A,2,2025-04-01T00:00:00.000,2025-05-07T00:00:00.000
Manhattan,Bangladeshi,B,3,2024-02-06T00:00:00.000,2026-05-06T00:00:00.000
Manhattan,Bangladeshi,C,3,2024-10-04T00:00:00.000,2025-08-07T00:00:00.000
Manhattan,Barbecue,A,29,2019-12-11T00:00:00.000,2026-08-05T00:00:00.000
Manhattan,Barbecue,B,1,2024-02-12T00:00:00.000,2024-02-12T00:00:00.000
Manhattan,Basque,A,1,2026-03-03T00:00:00.000,2026-03-03T00:00:00.000
Manhattan,Bottled Beverages,A,71,2017-10-11T00:00:00.000,2026-08-11T00:00:00.000
Manhattan,Bottled Beverages,B,2,2024-08-28T00:00:00.000,2025-08-06T00:00:00.000
Manhattan,Brazilian,A,20,2022-11-28T00:00:00.000,2026-07-30T00:00:00.000
Manhattan,Brazilian,B,1,2024-12-24T00:00:00.000,2024-12-24T00:00:00.000
Manhattan,Cajun,A,2,2024-08-02T00:00:00.000,2025-02-27T00:00:00.000
Manhattan,Cajun,B,1,2025-08-28T00:00:00.000,2025-08-28T00:00:00.000
Manhattan,Californian,A,23,2023-05-12T00:00:00.000,2026-08-06T00:00:00.000
Manhattan,Caribbean,A,74,2022-10-18T00:00:00.000,2026-08-10T00:00:00.000
Manhattan,Caribbean,B,10,2022-11-18T00:00:00.000,2026-03-12T00:00:00.000
Manhattan,Caribbean,C,13,2023-01-31T00:00:00.000,2026-06-18T00:00:00.000
Manhattan,Chicken,A,260,2022-04-26T00:00:00.000,2026-08-13T00:00:00.000
Manhattan,Chicken,B,21,2022-06-01T00:00:00.000,2026-07-20T00:00:00.000
Manhattan,Chicken,C,4,2023-11-21T00:00:00.000,2026-01-21T00:00:00.000
Manhattan,Chinese,A,659,2017-05-04T00:00:00.000,2026-08-14T00:00:00.000
Manhattan,Chinese,B,147,2018-09-26T00:00:00.000,2026-07-30T00:00:00.000
Manhattan,Chinese,C,94,2022-09-15T00:00:00.000,2026-06-12T00:00:00.000
Manhattan,Chinese/Cuban,A,10,2023-05-17T00:00:00.000,2026-05-04T00:00:00.000
Manhattan,Chinese/Cuban,B,3,2024-03-19T00:00:00.000,2025-07-15T00:00:00.000
Manhattan,Chinese/Cuban,C,1,2023-01-30T00:00:00.000,2023-01-30T00:00:00.000
Manhattan,Chinese/Japanese,A,14,2022-05-03T00:00:00.000,2025-11-21T00:00:00.000
Manhattan,Chinese/Japanese,B,1,2025-06-30T00:00:00.000,2025-06-30T00:00:00.000
Manhattan,Chinese/Japanese,C,2,2025-01-07T00:00:00.000,2025-07-23T00:00:00.000
Manhattan,Coffee/Tea,A,2258,2018-08-08T00:00:00.000,2026-08-14T00:00:00.000
Manhattan,Coffee/Tea,B,89,2022-09-23T00:00:00.000,2026-07-13T00:00:00.000
Manhattan,Coffee/Tea,C,69,2016-11-12T00:00:00.000,2026-05-18T00:00:00.000
Manhattan,Continental,A,53,2021-08-19T00:00:00.000,2026-07-31T00:00:00.000
Manhattan,Continental,B,4,2025-03-31T00:00:00.000,2025-08-14T00:00:00.000
Manhattan,Continental,C,6,2024-03-13T00:00:00.000,2025-04-23T00:00:00.000
Manhattan,Creole,A,1,2026-07-16T00:00:00.000,2026-07-16T00:00:00.000
Manhattan,Creole/Cajun,A,1,2025-02-04T00:00:00.000,2025-02-04T00:00:00.000
Manhattan,Creole/Cajun,B,1,2023-01-18T00:00:00.000,2023-01-18T00:00:00.000
Manhattan,Czech,A,2,2022-12-02T00:00:00.000,2024-12-19T00:00:00.000
Manhattan,Donuts,A,458,2022-05-03T00:00:00.000,2026-08-13T00:00:00.000
Manhattan,Donuts,B,4,2023-01-17T00:00:00.000,2025-05-15T00:00:00.000
Manhattan,Donuts,C,2,2024-07-25T00:00:00.000,2026-06-17T00:00:00.000
Manhattan,Eastern European,A,39,2022-01-10T00:00:00.000,2026-08-04T00:00:00.000
Manhattan,Eastern European,B,9,2023-03-01T00:00:00.000,2026-06-24T00:00:00.000
Manhattan,Eastern European,C,2,2022-09-22T00:00:00.000,2025-07-09T00:00:00.000
Manhattan,Egyptian,A,7,2024-04-17T00:00:00.000,2026-07-21T00:00:00.000
Manhattan,English,A,17,2022-10-31T00:00:00.000,2026-04-28T00:00:00.000
Manhattan,English,B,2,2022-09-01T00:00:00.000,2025-09-23T00:00:00.000
Manhattan,Ethiopian,A,18,2017-09-14T00:00:00.000,2026-04-27T00:00:00.000
Manhattan,Ethiopian,C,1,2024-02-07T00:00:00.000,2024-02-07T00:00:00.000
Manhattan,Filipino,A,8,2022-11-15T00:00:00.000,2026-02-05T00:00:00.000
Manhattan,Filipino,B,3,2024-03-07T00:00:00.000,2025-01-29T00:00:00.000
Manhattan,Filipino,C,5,2022-12-28T00:00:00.000,2026-06-16T00:00:00.000
Manhattan,French,A,367,2021-08-05T00:00:00.000,2026-08-10T00:00:00.000
Manhattan,French,B,25,2019-09-26T00:00:00.000,2026-06-30T00:00:00.000
Manhattan,French,C,13,2022-05-04T00:00:00.000,2025-07-21T00:00:00.000
Manhattan,Frozen Desserts,A,238,2019-12-11T00:00:00.000,2026-08-14T00:00:00.000
Manhattan,Frozen Desserts,B,14,2023-02-28T00:00:00.000,2026-05-07T00:00:00.000
Manhattan,Frozen Desserts,C,7,2024-01-23T00:00:00.000,2025-10-08T00:00:00.000
Manhattan,Fruits/Vegetables,A,4,2023-08-24T00:00:00.000,2026-05-05T00:00:00.000
Manhattan,Fruits/Vegetables,C,1,2025-08-21T00:00:00.000,2025-08-21T00:00:00.000
Manhattan,Fusion,A,47,2022-08-09T00:00:00.000,2026-07-14T00:00:00.000
Manhattan,Fusion,B,4,2022-11-23T00:00:00.000,2023-09-22T00:00:00.000
Manhattan,Fusion,C,3,2023-10-16T00:00:00.000,2025-01-02T00:00:00.000
Manhattan,German,A,20,2022-04-27T00:00:00.000,2026-07-28T00:00:00.000
Manhattan,German,B,1,2026-01-15T00:00:00.000,2026-01-15T00:00:00.000
Manhattan,German,C,1,2026-04-28T00:00:00.000,2026-04-28T00:00:00.000
Manhattan,Greek,A,83,2022-03-02T00:00:00.000,2026-08-04T00:00:00.000
Manhattan,Greek,B,7,2022-11-28T00:00:00.000,2025-06-30T00:00:00.000
Manhattan,Greek,C,5,2023-03-27T00:00:00.000,2024-12-12T00:00:00.000
Manhattan,Hamburgers,A,350,2022-01-13T00:00:00.000,2026-08-14T00:00:00.000
Manhattan,Hamburgers,B,10,2022-11-18T00:00:00.000,2026-06-25T00:00:00.000
Manhattan,Hamburgers,C,4,2022-11-18T00:00:00.000,2026-03-16T00:00:00.000
Manhattan,Haute Cuisine,A,3,2022-06-01T00:00:00.000,2026-04-23T00:00:00.000
Manhattan,Hawaiian,A,37,2022-10-05T00:00:00.000,2026-08-13T00:00:00.000
Manhattan,Hawaiian,B,3,2023-02-24T00:00:00.000,2025-05-20T00:00:00.000
Manhattan,Hotdogs,A,27,2016-10-22T00:00:00.000,2026-03-31T00:00:00.000
Manhattan,Hotdogs,B,1,2026-03-26T00:00:00.000,2026-03-26T00:00:00.000
Manhattan,Hotdogs,C,1,2025-10-15T00:00:00.000,2025-10-15T00:00:00.000
Manhattan,Hotdogs/Pretzels,A,26,2022-02-15T00:00:00.000,2026-06-12T00:00:00.000
Manhattan,Hotdogs/Pretzels,B,4,2024-01-18T00:00:00.000,2025-05-05T00:00:00.000
Manhattan,Hotdogs/Pretzels,C,1,2023-01-30T00:00:00.000,2023-01-30T00:00:00.000
Manhattan,Indian,A,148,2021-11-04T00:00:00.000,2026-08-06T00:00:00.000
Manhattan,Indian,B,29,2023-05-01T00:00:00.000,2026-05-18T00:00:00.000
Manhattan,Indian,C,26,2022-09-29T00:00:00.000,2025-09-17T00:00:00.000
Manhattan,Indonesian,A,1,2025-11-05T00:00:00.000,2025-11-05T00:00:00.000
Manhattan,Iranian,A,3,2023-02-01T00:00:00.000,2025-09-18T00:00:00.000
Manhattan,Irish,A,196,2021-10-20T00:00:00.000,2026-08-11T00:00:00.000
Manhattan,Irish,B,14,2022-09-29T00:00:00.000,2026-07-01T00:00:00.000
Manhattan,Irish,C,6,2022-04-27T00:00:00.000,2026-06-29T00:00:00.000
Manhattan,Italian,A,861,2017-10-02T00:00:00.000,2026-08-13T00:00:00.000
Manhattan,Italian,B,75,2018-09-06T00:00:00.000,2026-06-30T00:00:00.000
Manhattan,Italian,C,27,2017-10-13T00:00:00.000,2026-02-18T00:00:00.000
Manhattan,Japanese,A,714,2018-02-24T00:00:00.000,2026-08-14T00:00:00.000
Manhattan,Japanese,B,101,2022-02-23T00:00:00.000,2026-06-22T00:00:00.000
Manhattan,Japanese,C,36,2022-11-16T00:00:00.000,2026-06-30T00:00:00.000
Manhattan,Jewish/Kosher,A,134,2022-05-31T00:00:00.000,2026-08-10T00:00:00.000
Manhattan,Jewish/Kosher,B,11,2022-01-26T00:00:00.000,2026-05-04T00:00:00.000
Manhattan,Jewish/Kosher,C,12,2022-12-20T00:00:00.000,2025-09-25T00:00:00.000
Manhattan,"Juice, Smoothies, Fruit Salads",A,366,2022-01-25T00:00:00.000,2026-08-11T00:00:00.000
Manhattan,"Juice, Smoothies, Fruit Salads",B,22,2023-01-26T00:00:00.000,2026-06-17T00:00:00.000
Manhattan,"Juice, Smoothies, Fruit Salads",C,22,2022-06-21T00:00:00.000,2026-03-31T00:00:00.000
Manhattan,Korean,A,245,2022-04-19T00:00:00.000,2026-08-13T00:00:00.000
Manhattan,Korean,B,23,2022-09-20T00:00:00.000,2026-06-02T00:00:00.000
Manhattan,Korean,C,12,2023-01-18T00:00:00.000,2026-01-05T00:00:00.000
Manhattan,Latin American,A,272,2016-05-26T00:00:00.000,2026-08-12T00:00:00.000
Manhattan,Latin American,B,40,2022-11-28T00:00:00.000,2026-04-13T00:00:00.000
Manhattan,Latin American,C,22,2023-01-03T00:00:00.000,2026-06-29T00:00:00.000
Manhattan,Lebanese,A,4,2023-05-23T00:00:00.000,2025-07-23T00:00:00.000
Manhattan,Lebanese,B,1,2025-09-16T00:00:00.000,2025-09-16T00:00:00.000
Manhattan,Lebanese,C,1,2024-03-14T00:00:00.000,2024-03-14T00:00:00.000
Manhattan,Mediterranean,A,257,2016-10-13T00:00:00.000,2026-08-10T00:00:00.000
Manhattan,Mediterranean,B,27,2022-09-13T00:00:00.000,2025-12-01T00:00:00.000
Manhattan,Mediterranean,C,11,2022-09-26T00:00:00.000,2026-03-24T00:00:00.000
Manhattan,Mexican,A,430,2021-11-23T00:00:00.000,2026-08-13T00:00:00.000
Manhattan,Mexican,B,42,2022-09-14T00:00:00.000,2026-04-28T00:00:00.000
Manhattan,Mexican,C,24,2022-09-27T00:00:00.000,2025-10-29T00:00:00.000
Manhattan,Middle Eastern,A,122,2022-01-05T00:00:00.000,2026-07-23T00:00:00.000
Manhattan,Middle Eastern,B,8,2024-10-30T00:00:00.000,2026-01-15T00:00:00.000
Manhattan,Middle Eastern,C,2,2023-08-14T00:00:00.000,2025-02-21T00:00:00.000
Manhattan,Moroccan,A,11,2022-11-21T00:00:00.000,2026-06-25T00:00:00.000
Manhattan,New American,A,156,2021-11-30T00:00:00.000,2026-08-12T00:00:00.000
Manhattan,New American,B,12,2023-01-12T00:00:00.000,2025-09-11T00:00:00.000
Manhattan,New American,C,3,2023-12-26T00:00:00.000,2024-11-14T00:00:00.000
Manhattan,New French,A,14,2023-05-03T00:00:00.000,2026-08-13T00:00:00.000
Manhattan,New French,C,1,2026-02-12T00:00:00.000,2026-02-12T00:00:00.000
Manhattan,Not Listed/Not Applicable,A,4,2023-10-17T00:00:00.000,2026-08-11T00:00:00.000
Manhattan,Nuts/Confectionary,A,10,2017-08-19T00:00:00.000,2026-01-21T00:00:00.000
Manhattan,Other,A,225,2019-12-10T00:00:00.000,2026-08-12T00:00:00.000
Manhattan,Other,B,8,2023-08-14T00:00:00.000,2025-11-20T00:00:00.000
Manhattan,Pakistani,A,10,2024-04-02T00:00:00.000,2026-08-06T00:00:00.000
Manhattan,Pakistani,B,1,2025-08-28T00:00:00.000,2025-08-28T00:00:00.000
Manhattan,Pancakes/Waffles,A,13,2023-08-29T00:00:00.000,2026-07-13T00:00:00.000
Manhattan,Pancakes/Waffles,B,1,2026-06-29T00:00:00.000,2026-06-29T00:00:00.000
Manhattan,Pancakes/Waffles,C,2,2023-10-19T00:00:00.000,2025-01-30T00:00:00.000
Manhattan,Peruvian,A,33,2022-01-18T00:00:00.000,2026-07-28T00:00:00.000
Manhattan,Peruvian,B,3,2023-06-29T00:00:00.000,2025-08-22T00:00:00.000
Manhattan,Pizza,A,718,2021-07-29T00:00:00.000,2026-08-13T00:00:00.000
Manhattan,Pizza,B,85,2018-08-09T00:00:00.000,2026-06-29T00:00:00.000
Manhattan,Pizza,C,44,2022-06-14T00:00:00.000,2026-06-11T00:00:00.000
Manhattan,Polish,A,4,2019-12-11T00:00:00.000,2024-11-26T00:00:00.000
Manhattan,Polish,B,2,2024-08-13T00:00:00.000,2026-01-08T00:00:00.000
Manhattan,Polynesian,A,3,2023-03-18T00:00:00.000,2025-09-30T00:00:00.000
Manhattan,Portuguese,A,2,2024-03-27T00:00:00.000,2026-01-08T00:00:00.000
Manhattan,Russian,A,13,2022-03-24T00:00:00.000,2026-06-30T00:00:00.000
Manhattan,Russian,B,3,2022-11-17T00:00:00.000,2025-05-07T00:00:00.000
Manhattan,Russian,C,1,2024-11-22T00:00:00.000,2024-11-22T00:00:00.000
Manhattan,Salads,A,219,2022-09-15T00:00:00.000,2026-08-12T00:00:00.000
Manhattan,Salads,B,5,2022-12-27T00:00:00.000,2024-12-19T00:00:00.000
Manhattan,Salads,C,2,2024-09-04T00:00:00.000,2025-09-24T00:00:00.000
Manhattan,Sandwiches,A,399,2022-04-05T00:00:00.000,2026-08-14T00:00:00.000
Manhattan,Sandwiches,B,38,2023-02-06T00:00:00.000,2026-06-12T00:00:00.000
Manhattan,Sandwiches,C,12,2022-11-17T00:00:00.000,2026-05-18T00:00:00.000
Manhattan,Sandwiches/Salads/Mixed Buffet,A,165,2022-07-08T00:00:00.000,2026-08-10T00:00:00.000
Manhattan,Sandwiches/Salads/Mixed Buffet,B,10,2023-07-07T00:00:00.000,2026-06-30T00:00:00.000
Manhattan,Sandwiches/Salads/Mixed Buffet,C,9,2024-03-22T00:00:00.000,2026-06-24T00:00:00.000
Manhattan,Scandinavian,A,6,2023-04-25T00:00:00.000,2025-11-13T00:00:00.000
Manhattan,Scandinavian,B,2,2024-11-20T00:00:00.000,2025-07-17T00:00:00.000
Manhattan,Seafood,A,138,2020-01-17T00:00:00.000,2026-08-14T00:00:00.000
Manhattan,Seafood,B,14,2023-03-08T00:00:00.000,2025-11-25T00:00:00.000
Manhattan,Seafood,C,2,2023-09-28T00:00:00.000,2024-11-12T00:00:00.000
Manhattan,Soul Food,A,30,2022-07-07T00:00:00.000,2026-07-30T00:00:00.000
Manhattan,Soul Food,B,2,2017-09-15T00:00:00.000,2025-03-12T00:00:00.000
Manhattan,Soul Food,C,1,2024-11-26T00:00:00.000,2024-11-26T00:00:00.000
Manhattan,Soups,A,13,2023-03-07T00:00:00.000,2026-03-31T00:00:00.000
Manhattan,Soups,C,1,2024-12-17T00:00:00.000,2024-12-17T00:00:00.000
Manhattan,Soups/Salads/Sandwiches,A,63,2022-04-05T00:00:00.000,2026-08-14T00:00:00.000
Manhattan,Soups/Salads/Sandwiches,B,2,2023-10-26T00:00:00.000,2025-07-17T00:00:00.000
Manhattan,Soups/Salads/Sandwiches,C,1,2026-06-08T00:00:00.000,2026-06-08T00:00:00.000
Manhattan,Southeast Asian,A,59,2022-06-22T00:00:00.000,2026-07-23T00:00:00.000
Manhattan,Southeast Asian,B,2,2023-02-13T00:00:00.000,2023-10-17T00:00:00.000
Manhattan,Southeast Asian,C,7,2023-02-07T00:00:00.000,2026-03-06T00:00:00.000
Manhattan,Southwestern,A,6,2023-04-10T00:00:00.000,2026-03-30T00:00:00.000
Manhattan,Spanish,A,152,2019-12-11T00:00:00.000,2026-07-07T00:00:00.000
Manhattan,Spanish,B,16,2023-05-17T00:00:00.000,2026-04-23T00:00:00.000
Manhattan,Spanish,C,7,2022-09-26T00:00:00.000,2025-07-17T00:00:00.000
Manhattan,Steakhouse,A,104,2022-06-14T00:00:00.000,2026-07-29T00:00:00.000
Manhattan,Steakhouse,B,6,2022-08-24T00:00:00.000,2026-07-08T00:00:00.000
Manhattan,Steakhouse,C,3,2024-05-07T00:00:00.000,2026-02-19T00:00:00.000
Manhattan,Tapas,A,27,2021-12-03T00:00:00.000,2026-07-02T00:00:00.000
Manhattan,Tapas,B,2,2023-08-10T00:00:00.000,2025-08-12T00:00:00.000
Manhattan,Tapas,C,3,2023-01-10T00:00:00.000,2025-08-12T00:00:00.000
Manhattan,Tex-Mex,A,273,2022-01-04T00:00:00.000,2026-08-06T00:00:00.000
Manhattan,Tex-Mex,B,18,2022-06-15T00:00:00.000,2026-04-30T00:00:00.000
Manhattan,Tex-Mex,C,4,2024-08-21T00:00:00.000,2026-02-05T00:00:00.000
Manhattan,Thai,A,181,2022-02-16T00:00:00.000,2026-08-06T00:00:00.000
Manhattan,Thai,B,38,2022-06-02T00:00:00.000,2026-02-13T00:00:00.000
Manhattan,Thai,C,22,2023-02-16T00:00:00.000,2026-05-28T00:00:00.000
Manhattan,Turkish,A,31,2021-07-21T00:00:00.000,2026-06-16T00:00:00.000
Manhattan,Turkish,B,5,2024-03-12T00:00:00.000,2025-12-02T00:00:00.000
Manhattan,Turkish,C,4,2023-04-19T00:00:00.000,2026-07-02T00:00:00.000
Manhattan,Vegan,A,59,2016-12-13T00:00:00.000,2026-08-10T00:00:00.000
Manhattan,Vegan,B,3,2023-09-20T00:00:00.000,2024-08-22T00:00:00.000
Manhattan,Vegan,C,2,2024-04-24T00:00:00.000,2025-09-22T00:00:00.000
Manhattan,Vegetarian,A,37,2019-12-11T00:00:00.000,2026-08-06T00:00:00.000
Manhattan,Vegetarian,B,1,2024-11-18T00:00:00.000,2024-11-18T00:00:00.000
Manhattan,Vegetarian,C,1,2024-11-12T00:00:00.000,2024-11-12T00:00:00.000
Queens,Afghan,A,13,2022-06-06T00:00:00.000,2025-12-11T00:00:00.000
Queens,Afghan,B,1,2024-12-12T00:00:00.000,2024-12-12T00:00:00.000
Queens,African,A,6,2024-03-04T00:00:00.000,2026-06-06T00:00:00.000
Queens,African,B,1,2026-04-09T00:00:00.000,2026-04-09T00:00:00.000
Queens,American,A,1448,2015-12-16T00:00:00.000,2026-08-15T00:00:00.000
Queens,American,B,107,2018-09-10T00:00:00.000,2026-06-25T00:00:00.000
Queens,American,C,48,2018-04-28T00:00:00.000,2026-06-11T00:00:00.000
Queens,Armenian,A,1,2024-10-02T00:00:00.000,2024-10-02T00:00:00.000
Queens,Asian/Asian Fusion,A,153,2022-08-08T00:00:00.000,2026-08-12T00:00:00.000
Queens,Asian/Asian Fusion,B,48,2022-10-19T00:00:00.000,2026-06-22T00:00:00.000
Queens,Asian/Asian Fusion,C,22,2022-09-02T00:00:00.000,2026-04-16T00:00:00.000
Queens,Bagels/Pretzels,A,94,2022-09-06T00:00:00.000,2026-08-04T00:00:00.000
Queens,Bagels/Pretzels,B,6,2024-04-08T00:00:00.000,2026-04-28T00:00:00.000
Queens,Bagels/Pretzels,C,4,2023-11-17T00:00:00.000,2025-12-14T00:00:00.000
Queens,Bakery Products/Desserts,A,529,2022-07-01T00:00:00.000,2026-08-11T00:00:00.000
Queens,Bakery Products/Desserts,B,67,2022-08-11T00:00:00.000,2026-06-16T00:00:00.000
Queens,Bakery Products/Desserts,C,31,2022-06-15T00:00:00.000,2026-06-25T00:00:00.000
Queens,Bangladeshi,A,38,2023-01-11T00:00:00.000,2026-06-03T00:00:00.000
Queens,Bangladeshi,B,17,2023-01-12T00:00:00.000,2026-04-27T00:00:00.000
Queens,Bangladeshi,C,20,2023-08-24T00:00:00.000,2026-04-29T00:00:00.000
Queens,Barbecue,A,22,2023-01-26T00:00:00.000,2026-03-11T00:00:00.000
Queens,Barbecue,B,4,2024-12-19T00:00:00.000,2025-09-02T00:00:00.000
Queens,Barbecue,C,1,2025-10-23T00:00:00.000,2025-10-23T00:00:00.000
Queens,Bottled Beverages,A,44,2016-12-07T00:00:00.000,2026-08-15T00:00:00.000
Queens,Bottled Beverages,B,2,2019-07-26T00:00:00.000,2025-11-22T00:00:00.000
Queens,Bottled Beverages,C,2,2024-05-24T00:00:00.000,2024-12-10T00:00:00.000
Queens,Brazilian,A,23,2022-05-11T00:00:00.000,2026-08-12T00:00:00.000
Queens,Brazilian,B,5,2024-12-18T00:00:00.000,2025-11-15T00:00:00.000
Queens,Brazilian,C,1,2025-01-29T00:00:00.000,2025-01-29T00:00:00.000
Queens,Cajun,A,5,2024-03-14T00:00:00.000,2026-04-30T00:00:00.000
Queens,Californian,A,1,2025-04-22T00:00:00.000,2025-04-22T00:00:00.000
Queens,Caribbean,A,371,2018-02-08T00:00:00.000,2026-08-14T00:00:00.000
Queens,Caribbean,B,54,2017-02-04T00:00:00.000,2026-06-26T00:00:00.000
Queens,Caribbean,C,50,2020-02-22T00:00:00.000,2026-05-12T00:00:00.000
Queens,Chicken,A,308,2022-06-02T00:00:00.000,2026-08-11T00:00:00.000
Queens,Chicken,B,21,2022-12-07T00:00:00.000,2026-07-03T00:00:00.000
Queens,Chicken,C,15,2022-11-15T00:00:00.000,2026-04-06T00:00:00.000
Queens,Chilean,A,2,2022-01-28T00:00:00.000,2025-07-02T00:00:00.000
Queens,Chilean,B,1,2024-03-07T00:00:00.000,2024-03-07T00:00:00.000
Queens,Chimichurri,A,2,2023-07-21T00:00:00.000,2026-05-15T00:00:00.000
Queens,Chinese,A,940,2017-03-04T00:00:00.000,2026-08-14T00:00:00.000
Queens,Chinese,B,187,2020-02-20T00:00:00.000,2026-07-03T00:00:00.000
Queens,Chinese,C,129,2023-02-09T00:00:00.000,2026-06-26T00:00:00.000
Queens,Chinese/Cuban,A,4,2024-01-30T00:00:00.000,2025-11-15T00:00:00.000
Queens,Chinese/Cuban,B,1,2023-12-20T00:00:00.000,2023-12-20T00:00:00.000
Queens,Chinese/Japanese,A,17,2023-02-22T00:00:00.000,2026-05-29T00:00:00.000
Queens,Chinese/Japanese,B,5,2024-12-10T00:00:00.000,2025-07-23T00:00:00.000
Queens,Chinese/Japanese,C,1,2022-12-29T00:00:00.000,2022-12-29T00:00:00.000
Queens,Coffee/Tea,A,642,2017-01-12T00:00:00.000,2026-08-13T00:00:00.000
Queens,Coffee/Tea,B,37,2022-01-12T00:00:00.000,2026-05-28T00:00:00.000
Queens,Coffee/Tea,C,13,2023-08-02T00:00:00.000,2026-04-21T00:00:00.000
Queens,Continental,A,20,2023-02-01T00:00:00.000,2026-05-07T00:00:00.000
Queens,Continental,B,3,2022-06-17T00:00:00.000,2024-03-28T00:00:00.000
Queens,Creole,A,4,2022-03-07T00:00:00.000,2026-07-31T00:00:00.000
Queens,Creole,B,3,2023-01-04T00:00:00.000,2025-04-28T00:00:00.000
Queens,Creole,C,2,2024-11-14T00:00:00.000,2024-12-27T00:00:00.000
Queens,Czech,A,4,2022-11-03T00:00:00.000,2025-09-24T00:00:00.000
Queens,Donuts,A,412,2019-05-16T00:00:00.000,2026-08-14T00:00:00.000
Queens,Donuts,B,9,2024-03-04T00:00:00.000,2026-07-28T00:00:00.000
Queens,Donuts,C,1,2024-08-22T00:00:00.000,2024-08-22T00:00:00.000
Queens,Eastern European,A,26,2022-03-07T00:00:00.000,2026-08-06T00:00:00.000
Queens,Eastern European,B,2,2022-09-20T00:00:00.000,2023-10-12T00:00:00.000
Queens,Eastern European,C,1,2025-08-15T00:00:00.000,2025-08-15T00:00:00.000
Queens,Egyptian,A,6,2023-03-26T00:00:00.000,2025-12-08T00:00:00.000
Queens,Egyptian,B,2,2024-02-01T00:00:00.000,2025-12-31T00:00:00.000
Queens,English,A,2,2022-04-28T00:00:00.000,2025-02-19T00:00:00.000
Queens,Filipino,A,25,2022-12-19T00:00:00.000,2026-08-06T00:00:00.000
Queens,Filipino,B,9,2023-02-13T00:00:00.000,2025-10-11T00:00:00.000
Queens,Filipino,C,7,2024-01-16T00:00:00.000,2026-06-17T00:00:00.000
Queens,French,A,30,2023-01-19T00:00:00.000,2026-04-24T00:00:00.000
Queens,French,B,1,2025-01-29T00:00:00.000,2025-01-29T00:00:00.000
Queens,French,C,2,2023-05-10T00:00:00.000,2025-04-17T00:00:00.000
Queens,Frozen Desserts,A,143,2022-09-01T00:00:00.000,2026-08-14T00:00:00.000
Queens,Frozen Desserts,B,5,2023-03-31T00:00:00.000,2026-06-22T00:00:00.000
Queens,Frozen Desserts,C,7,2023-09-26T00:00:00.000,2025-08-06T00:00:00.000
Queens,Fruits/Vegetables,A,3,2019-08-22T00:00:00.000,2025-08-27T00:00:00.000
Queens,Fusion,A,26,2023-04-10T00:00:00.000,2026-06-15T00:00:00.000
Queens,Fusion,B,3,2024-03-14T00:00:00.000,2026-06-24T00:00:00.000
Queens,Fusion,C,5,2023-03-15T00:00:00.000,2025-06-12T00:00:00.000
Queens,German,A,13,2016-12-07T00:00:00.000,2026-03-07T00:00:00.000
Queens,German,B,1,2024-05-16T00:00:00.000,2024-05-16T00:00:00.000
Queens,Greek,A,90,2018-12-20T00:00:00.000,2026-06-05T00:00:00.000
Queens,Greek,B,16,2020-02-28T00:00:00.000,2025-11-10T00:00:00.000
Queens,Greek,C,7,2023-02-13T00:00:00.000,2025-10-02T00:00:00.000
Queens,Hamburgers,A,301,2016-12-07T00:00:00.000,2026-08-12T00:00:00.000
Queens,Hamburgers,B,10,2022-11-17T00:00:00.000,2026-07-01T00:00:00.000
Queens,Hamburgers,C,2,2023-09-05T00:00:00.000,2024-10-11T00:00:00.000
Queens,Hawaiian,A,14,2022-08-24T00:00:00.000,2026-06-22T00:00:00.000
Queens,Hawaiian,B,2,2024-11-06T00:00:00.000,2026-05-03T00:00:00.000
Queens,Hotdogs,A,11,2023-11-27T00:00:00.000,2026-07-20T00:00:00.000
Queens,Hotdogs/Pretzels,A,6,2023-04-17T00:00:00.000,2026-04-13T00:00:00.000
Queens,Hotdogs/Pretzels,C,1,2026-03-26T00:00:00.000,2026-03-26T00:00:00.000
Queens,Indian,A,94,2022-03-30T00:00:00.000,2026-08-03T00:00:00.000
Queens,Indian,B,33,2022-11-01T00:00:00.000,2026-02-13T00:00:00.000
Queens,Indian,C,15,2023-06-22T00:00:00.000,2026-05-13T00:00:00.000
Queens,Indonesian,A,7,2022-11-14T00:00:00.000,2025-09-22T00:00:00.000
Queens,Indonesian,B,2,2024-03-15T00:00:00.000,2025-10-06T00:00:00.000
Queens,Iranian,C,1,2024-03-11T00:00:00.000,2024-03-11T00:00:00.000
Queens,Irish,A,86,2022-02-28T00:00:00.000,2026-08-13T00:00:00.000
Queens,Irish,B,10,2022-11-22T00:00:00.000,2026-04-27T00:00:00.000
Queens,Irish,C,2,2025-07-29T00:00:00.000,2025-09-18T00:00:00.000
Queens,Italian,A,174,2016-06-07T00:00:00.000,2026-08-05T00:00:00.000
Queens,Italian,B,11,2022-11-17T00:00:00.000,2026-03-16T00:00:00.000
Queens,Italian,C,7,2022-11-22T00:00:00.000,2025-07-29T00:00:00.000
Queens,Japanese,A,254,2016-09-02T00:00:00.000,2026-08-12T00:00:00.000
Queens,Japanese,B,33,2022-11-29T00:00:00.000,2026-02-02T00:00:00.000
Queens,Japanese,C,11,2023-01-20T00:00:00.000,2025-10-06T00:00:00.000
Queens,Jewish/Kosher,A,87,2017-01-19T00:00:00.000,2026-07-28T00:00:00.000
Queens,Jewish/Kosher,B,11,2022-12-01T00:00:00.000,2026-05-12T00:00:00.000
Queens,Jewish/Kosher,C,5,2024-03-21T00:00:00.000,2025-02-06T00:00:00.000
Queens,"Juice, Smoothies, Fruit Salads",A,200,2022-04-27T00:00:00.000,2026-08-14T00:00:00.000
Queens,"Juice, Smoothies, Fruit Salads",B,16,2023-08-11T00:00:00.000,2026-07-21T00:00:00.000
Queens,"Juice, Smoothies, Fruit Salads",C,5,2023-08-25T00:00:00.000,2026-06-26T00:00:00.000
Queens,Korean,A,233,2016-09-17T00:00:00.000,2026-08-15T00:00:00.000
Queens,Korean,B,42,2022-10-06T00:00:00.000,2026-05-07T00:00:00.000
Queens,Korean,C,26,2023-01-30T00:00:00.000,2026-07-16T00:00:00.000
Queens,Latin American,A,701,2017-02-04T00:00:00.000,2026-08-14T00:00:00.000
Queens,Latin American,B,138,2022-09-29T00:00:00.000,2026-06-23T00:00:00.000
Queens,Latin American,C,79,2022-11-17T00:00:00.000,2026-06-26T00:00:00.000
Queens,Mediterranean,A,52,2017-01-26T00:00:00.000,2026-08-05T00:00:00.000
Queens,Mediterranean,B,5,2023-08-02T00:00:00.000,2025-07-02T00:00:00.000
Queens,Mediterranean,C,3,2024-08-15T00:00:00.000,2025-10-04T00:00:00.000
Queens,Mexican,A,382,2018-10-17T00:00:00.000,2026-08-13T00:00:00.000
Queens,Mexican,B,57,2022-12-28T00:00:00.000,2026-05-11T00:00:00.000
Queens,Mexican,C,26,2022-06-02T00:00:00.000,2026-06-08T00:00:00.000
Queens,Middle Eastern,A,70,2017-09-15T00:00:00.000,2026-08-10T00:00:00.000
Queens,Middle Eastern,B,8,2018-07-17T00:00:00.000,2025-11-13T00:00:00.000
Queens,Moroccan,A,6,2022-03-30T00:00:00.000,2025-02-26T00:00:00.000
Queens,Moroccan,B,2,2023-04-10T00:00:00.000,2025-02-10T00:00:00.000
Queens,New American,A,37,2022-09-01T00:00:00.000,2026-06-24T00:00:00.000
Queens,New American,B,1,2024-11-13T00:00:00.000,2024-11-13T00:00:00.000
Queens,New American,C,1,2025-11-06T00:00:00.000,2025-11-06T00:00:00.000
Queens,New French,A,1,2026-05-29T00:00:00.000,2026-05-29T00:00:00.000
Queens,Not Listed/Not Applicable,A,3,2023-06-12T00:00:00.000,2026-01-28T00:00:00.000
Queens,Other,A,106,2017-05-24T00:00:00.000,2026-08-12T00:00:00.000
Queens,Other,B,2,2024-09-06T00:00:00.000,2024-11-13T00:00:00.000
Queens,Other,C,1,2024-12-13T00:00:00.000,2024-12-13T00:00:00.000
Queens,Pakistani,A,12,2024-01-31T00:00:00.000,2026-08-05T00:00:00.000
Queens,Pakistani,B,2,2023-10-26T00:00:00.000,2025-11-01T00:00:00.000
Queens,Pakistani,C,5,2023-01-18T00:00:00.000,2025-07-03T00:00:00.000
Queens,Pancakes/Waffles,A,24,2023-04-27T00:00:00.000,2026-08-10T00:00:00.000
Queens,Pancakes/Waffles,B,1,2023-10-30T00:00:00.000,2023-10-30T00:00:00.000
Queens,Pancakes/Waffles,C,1,2026-03-10T00:00:00.000,2026-03-10T00:00:00.000
Queens,Peruvian,A,83,2022-02-11T00:00:00.000,2026-08-10T00:00:00.000
Queens,Peruvian,B,20,2023-01-19T00:00:00.000,2025-12-03T00:00:00.000
Queens,Peruvian,C,7,2023-02-22T00:00:00.000,2025-11-28T00:00:00.000
Queens,Pizza,A,614,2017-06-08T00:00:00.000,2026-08-12T00:00:00.000
Queens,Pizza,B,59,2022-09-19T00:00:00.000,2026-07-11T00:00:00.000
Queens,Pizza,C,22,2023-07-20T00:00:00.000,2026-05-19T00:00:00.000
Queens,Polish,A,2,2024-03-01T00:00:00.000,2025-01-03T00:00:00.000
Queens,Portuguese,A,11,2022-08-30T00:00:00.000,2026-04-20T00:00:00.000
Queens,Russian,A,2,2022-09-21T00:00:00.000,2025-06-16T00:00:00.000
Queens,Russian,B,1,2023-10-12T00:00:00.000,2023-10-12T00:00:00.000
Queens,Salads,A,9,2023-05-30T00:00:00.000,2026-04-29T00:00:00.000
Queens,Sandwiches,A,253,2022-05-07T00:00:00.000,2026-08-12T00:00:00.000
Queens,Sandwiches,B,17,2023-01-25T00:00:00.000,2026-05-22T00:00:00.000
Queens,Sandwiches,C,8,2024-07-09T00:00:00.000,2025-08-15T00:00:00.000
Queens,Sandwiches/Salads/Mixed Buffet,A,48,2016-12-07T00:00:00.000,2026-08-12T00:00:00.000
Queens,Sandwiches/Salads/Mixed Buffet,B,3,2024-11-25T00:00:00.000,2025-08-13T00:00:00.000
Queens,Sandwiches/Salads/Mixed Buffet,C,2,2023-08-03T00:00:00.000,2025-07-30T00:00:00.000
Queens,Seafood,A,45,2022-07-26T00:00:00.000,2026-07-29T00:00:00.000
Queens,Seafood,B,3,2025-07-09T00:00:00.000,2025-08-27T00:00:00.000
Queens,Seafood,C,3,2023-10-17T00:00:00.000,2025-09-22T00:00:00.000
Queens,Soul Food,A,6,2023-05-12T00:00:00.000,2025-12-01T00:00:00.000
Queens,Soul Food,C,3,2023-10-05T00:00:00.000,2026-07-09T00:00:00.000
Queens,Soups/Salads/Sandwiches,A,19,2017-06-08T00:00:00.000,2026-06-03T00:00:00.000
Queens,Southeast Asian,A,26,2022-05-06T00:00:00.000,2026-07-29T00:00:00.000
Queens,Southeast Asian,B,8,2023-01-23T00:00:00.000,2026-07-03T00:00:00.000
Queens,Southeast Asian,C,4,2022-11-21T00:00:00.000,2025-12-03T00:00:00.000
Queens,Southwestern,A,1,2025-12-06T00:00:00.000,2025-12-06T00:00:00.000
Queens,Spanish,A,171,2022-02-04T00:00:00.000,2026-08-05T00:00:00.000
Queens,Spanish,B,23,2022-11-30T00:00:00.000,2026-04-30T00:00:00.000
Queens,Spanish,C,10,2024-08-21T00:00:00.000,2026-06-22T00:00:00.000
Queens,Steakhouse,A,25,2022-11-30T00:00:00.000,2026-07-21T00:00:00.000
Queens,Steakhouse,C,1,2024-05-09T00:00:00.000,2024-05-09T00:00:00.000
Queens,Tapas,A,12,2023-03-11T00:00:00.000,2026-04-20T00:00:00.000
Queens,Tex-Mex,A,141,2022-07-12T00:00:00.000,2026-08-12T00:00:00.000
Queens,Tex-Mex,B,5,2025-01-07T00:00:00.000,2026-06-08T00:00:00.000
Queens,Tex-Mex,C,1,2026-04-22T00:00:00.000,2026-04-22T00:00:00.000
Queens,Thai,A,109,2022-04-21T00:00:00.000,2026-07-31T00:00:00.000
Queens,Thai,B,18,2022-12-06T00:00:00.000,2026-02-21T00:00:00.000
Queens,Thai,C,16,2022-12-27T00:00:00.000,2026-03-24T00:00:00.000
Queens,Turkish,A,9,2024-08-28T00:00:00.000,2026-08-12T00:00:00.000
Queens,Turkish,B,1,2025-02-20T00:00:00.000,2025-02-20T00:00:00.000
Queens,Turkish,C,1,2025-06-04T00:00:00.000,2025-06-04T00:00:00.000
Queens,Vegan,A,5,2022-09-27T00:00:00.000,2025-07-24T00:00:00.000
Queens,Vegan,C,2,2025-04-14T00:00:00.000,2025-09-09T00:00:00.000
Queens,Vegetarian,A,13,2022-11-09T00:00:00.000,2026-07-09T00:00:00.000
Queens,Vegetarian,B,1,2024-03-18T00:00:00.000,2024-03-18T00:00:00.000
Staten Island,African,A,3,2019-08-14T00:00:00.000,2026-05-01T00:00:00.000
Staten Island,American,A,275,2016-06-03T00:00:00.000,2026-08-13T00:00:00.000
Staten Island,American,B,20,2018-09-29T00:00:00.000,2026-04-03T00:00:00.000
Staten Island,American,C,12,2019-06-27T00:00:00.000,2026-02-06T00:00:00.000
Staten Island,Asian/Asian Fusion,A,22,2022-03-15T00:00:00.000,2026-06-23T00:00:00.000
Staten Island,Asian/Asian Fusion,B,7,2018-06-20T00:00:00.000,2026-07-21T00:00:00.000
Staten Island,Asian/Asian Fusion,C,1,2025-02-26T00:00:00.000,2025-02-26T00:00:00.000
Staten Island,Bagels/Pretzels,A,27,2023-01-19T00:00:00.000,2026-06-04T00:00:00.000
Staten Island,Bagels/Pretzels,B,2,2022-11-29T00:00:00.000,2024-08-12T00:00:00.000
Staten Island,Bagels/Pretzels,C,1,2023-10-13T00:00:00.000,2023-10-13T00:00:00.000
Staten Island,Bakery Products/Desserts,A,73,2022-04-27T00:00:00.000,2026-07-22T00:00:00.000
Staten Island,Bakery Products/Desserts,B,8,2023-01-25T00:00:00.000,2025-12-20T00:00:00.000
Staten Island,Bakery Products/Desserts,C,1,2023-01-05T00:00:00.000,2023-01-05T00:00:00.000
Staten Island,Barbecue,A,3,2023-05-25T00:00:00.000,2025-06-16T00:00:00.000
Staten Island,Barbecue,B,1,2025-10-02T00:00:00.000,2025-10-02T00:00:00.000
Staten Island,Barbecue,C,1,2023-08-07T00:00:00.000,2023-08-07T00:00:00.000
Staten Island,Bottled Beverages,A,4,2023-01-12T00:00:00.000,2026-05-20T00:00:00.000
Staten Island,Cajun,A,2,2024-03-12T00:00:00.000,2025-12-17T00:00:00.000
Staten Island,Caribbean,A,6,2022-06-23T00:00:00.000,2025-10-01T00:00:00.000
Staten Island,Chicken,A,34,2022-09-02T00:00:00.000,2026-06-16T00:00:00.000
Staten Island,Chicken,B,4,2023-09-20T00:00:00.000,2026-06-15T00:00:00.000
Staten Island,Chicken,C,1,2023-10-13T00:00:00.000,2023-10-13T00:00:00.000
Staten Island,Chinese,A,107,2022-03-14T00:00:00.000,2026-08-13T00:00:00.000
Staten Island,Chinese,B,21,2022-11-28T00:00:00.000,2026-04-28T00:00:00.000
Staten Island,Chinese,C,5,2023-12-12T00:00:00.000,2025-05-28T00:00:00.000
Staten Island,Coffee/Tea,A,106,2022-05-25T00:00:00.000,2026-08-13T00:00:00.000
Staten Island,Coffee/Tea,B,8,2024-04-29T00:00:00.000,2026-03-11T00:00:00.000
Staten Island,Coffee/Tea,C,3,2024-09-25T00:00:00.000,2025-09-16T00:00:00.000
Staten Island,Continental,A,5,2023-05-08T00:00:00.000,2026-02-04T00:00:00.000
Staten Island,Donuts,A,98,2022-10-11T00:00:00.000,2026-08-10T00:00:00.000
Staten Island,Donuts,B,4,2024-10-25T00:00:00.000,2026-06-09T00:00:00.000
Staten Island,Donuts,C,1,2025-07-23T00:00:00.000,2025-07-23T00:00:00.000
Staten Island,Eastern European,A,3,2022-12-08T00:00:00.000,2025-12-01T00:00:00.000
Staten Island,Eastern European,B,1,2025-11-19T00:00:00.000,2025-11-19T00:00:00.000
Staten Island,Filipino,B,1,2024-11-23T00:00:00.000,2024-11-23T00:00:00.000
Staten Island,Frozen Desserts,A,59,2022-10-03T00:00:00.000,2026-07-14T00:00:00.000
Staten Island,Fusion,A,1,2026-06-05T00:00:00.000,2026-06-05T00:00:00.000
Staten Island,German,A,1,2024-05-08T00:00:00.000,2024-05-08T00:00:00.000
Staten Island,Greek,A,6,2023-03-20T00:00:00.000,2026-05-19T00:00:00.000
Staten Island,Greek,B,1,2023-09-18T00:00:00.000,2023-09-18T00:00:00.000
Staten Island,Hamburgers,A,50,2022-06-08T00:00:00.000,2026-07-22T00:00:00.000
Staten Island,Hamburgers,B,3,2023-06-26T00:00:00.000,2025-09-30T00:00:00.000
Staten Island,Hamburgers,C,2,2024-08-08T00:00:00.000,2025-08-07T00:00:00.000
Staten Island,Hawaiian,A,3,2024-06-05T00:00:00.000,2026-02-20T00:00:00.000
Staten Island,Hotdogs/Pretzels,A,1,2026-07-17T00:00:00.000,2026-07-17T00:00:00.000
Staten Island,Indian,A,9,2022-01-03T00:00:00.000,2026-08-15T00:00:00.000
Staten Island,Indian,B,1,2025-07-22T00:00:00.000,2025-07-22T00:00:00.000
Staten Island,Irish,A,4,2023-04-11T00:00:00.000,2025-09-15T00:00:00.000
Staten Island,Irish,B,2,2023-01-26T00:00:00.000,2024-08-19T00:00:00.000
Staten Island,Italian,A,109,2017-10-19T00:00:00.000,2026-08-11T00:00:00.000
Staten Island,Italian,B,3,2023-07-21T00:00:00.000,2026-03-31T00:00:00.000
Staten Island,Italian,C,1,2025-10-09T00:00:00.000,2025-10-09T00:00:00.000
Staten Island,Japanese,A,63,2022-08-29T00:00:00.000,2026-07-08T00:00:00.000
Staten Island,Japanese,B,9,2022-11-23T00:00:00.000,2026-06-29T00:00:00.000
Staten Island,Japanese,C,3,2025-04-23T00:00:00.000,2026-01-05T00:00:00.000
Staten Island,Jewish/Kosher,A,5,2023-05-08T00:00:00.000,2026-04-14T00:00:00.000
Staten Island,"Juice, Smoothies, Fruit Salads",A,41,2022-09-21T00:00:00.000,2026-06-29T00:00:00.000
Staten Island,"Juice, Smoothies, Fruit Salads",B,3,2024-04-15T00:00:00.000,2026-03-06T00:00:00.000
Staten Island,"Juice, Smoothies, Fruit Salads",C,1,2025-10-09T00:00:00.000,2025-10-09T00:00:00.000
Staten Island,Korean,A,5,2024-01-08T00:00:00.000,2026-04-16T00:00:00.000
Staten Island,Korean,B,1,2025-05-16T00:00:00.000,2025-05-16T00:00:00.000
Staten Island,Latin American,A,18,2016-06-08T00:00:00.000,2026-07-13T00:00:00.000
Staten Island,Latin American,B,3,2022-12-15T00:00:00.000,2024-03-18T00:00:00.000
Staten Island,Latin American,C,1,2024-11-18T00:00:00.000,2024-11-18T00:00:00.000
Staten Island,Mediterranean,A,20,2023-01-24T00:00:00.000,2026-08-04T00:00:00.000
Staten Island,Mexican,A,73,2022-04-04T00:00:00.000,2026-07-29T00:00:00.000
Staten Island,Mexican,B,21,2023-04-19T00:00:00.000,2026-03-25T00:00:00.000
Staten Island,Mexican,C,3,2022-07-18T00:00:00.000,2024-03-05T00:00:00.000
Staten Island,Middle Eastern,A,11,2023-08-30T00:00:00.000,2026-05-16T00:00:00.000
Staten Island,Other,A,24,2023-04-17T00:00:00.000,2026-07-25T00:00:00.000
Staten Island,Other,B,1,2025-03-27T00:00:00.000,2025-03-27T00:00:00.000
Staten Island,Peruvian,A,5,2022-12-08T00:00:00.000,2025-05-06T00:00:00.000
Staten Island,Pizza,A,152,2018-05-30T00:00:00.000,2026-08-13T00:00:00.000
Staten Island,Pizza,B,19,2022-11-22T00:00:00.000,2026-03-31T00:00:00.000
Staten Island,Pizza,C,9,2022-10-26T00:00:00.000,2026-03-07T00:00:00.000
Staten Island,Polish,A,1,2023-04-26T00:00:00.000,2023-04-26T00:00:00.000
Staten Island,Polish,B,1,2025-07-02T00:00:00.000,2025-07-02T00:00:00.000
Staten Island,Russian,A,1,2026-02-19T00:00:00.000,2026-02-19T00:00:00.000
Staten Island,Russian,B,1,2024-02-29T00:00:00.000,2024-02-29T00:00:00.000
Staten Island,Sandwiches,A,53,2023-01-03T00:00:00.000,2026-07-17T00:00:00.000
Staten Island,Sandwiches,B,2,2023-06-12T00:00:00.000,2025-10-14T00:00:00.000
Staten Island,Sandwiches,C,2,2024-08-23T00:00:00.000,2025-09-10T00:00:00.000
Staten Island,Sandwiches/Salads/Mixed Buffet,A,6,2022-11-21T00:00:00.000,2026-07-28T00:00:00.000
Staten Island,Seafood,A,5,2022-11-28T00:00:00.000,2025-08-18T00:00:00.000
Staten Island,Soul Food,A,3,2023-03-13T00:00:00.000,2025-02-04T00:00:00.000
Staten Island,Soul Food,B,1,2026-03-23T00:00:00.000,2026-03-23T00:00:00.000
Staten Island,Soul Food,C,1,2025-10-16T00:00:00.000,2025-10-16T00:00:00.000
Staten Island,Spanish,A,24,2022-09-06T00:00:00.000,2026-07-18T00:00:00.000
Staten Island,Spanish,B,4,2023-02-01T00:00:00.000,2025-11-12T00:00:00.000
Staten Island,Spanish,C,1,2025-09-15T00:00:00.000,2025-09-15T00:00:00.000
Staten Island,Steakhouse,A,4,2022-06-14T00:00:00.000,2026-05-13T00:00:00.000
Staten Island,Steakhouse,C,1,2023-10-12T00:00:00.000,2023-10-12T00:00:00.000
Staten Island,Tapas,A,1,2022-10-20T00:00:00.000,2022-10-20T00:00:00.000
Staten Island,Tex-Mex,A,32,2017-11-09T00:00:00.000,2026-05-04T00:00:00.000
Staten Island,Tex-Mex,B,1,2024-11-14T00:00:00.000,2024-11-14T00:00:00.000
Staten Island,Tex-Mex,C,1,2025-05-21T00:00:00.000,2025-05-21T00:00:00.000
Staten Island,Thai,A,10,2022-10-03T00:00:00.000,2025-12-20T00:00:00.000
Staten Island,Thai,B,2,2023-02-13T00:00:00.000,2024-03-13T00:00:00.000
Staten Island,Turkish,A,9,2023-08-17T00:00:00.000,2026-07-27T00:00:00.000
